symbol,spam,ham,spam_perc
dvd,93,14,0.8691588785046729
copy,144,13,0.9171974522292994
cd,122,26,0.8243243243243243
burner,21,0,1.0
free,1337,79,0.9442090395480226
get,891,157,0.8501908396946565
any,649,110,0.855072463768116
right,205,38,0.8436213991769548
only,689,104,0.8688524590163934
package,103,22,0.824
our,1611,103,0.9399066511085181
dvds,20,1,0.9523809523809523
buy,191,18,0.9138755980861244
order,577,15,0.9746621621621622
movie,21,3,0.875
using,141,60,0.7014925373134329
cdr,17,2,0.8947368421052632
burning,29,1,0.9666666666666667
need,347,65,0.8422330097087378
cds,36,10,0.782608695652174
manual,28,5,0.8484848484848485
software,316,101,0.7577937649880095
backup,39,14,0.7358490566037735
computer,179,32,0.8483412322274881
entire,62,7,0.8985507246376812
access,185,33,0.8486238532110092
updates,20,8,0.7142857142857143
today,336,32,0.9130434782608695
program,346,16,0.9558011049723757
agree,13,6,0.6842105263157895
just,627,170,0.7867001254705144
click,826,47,0.9461626575028637
provide,141,21,0.8703703703703703
method,88,9,0.9072164948453608
process,88,16,0.8461538461538461
even,259,69,0.7896341463414634
create,58,14,0.8055555555555556
blank,27,10,0.7297297297297297
equipment,34,5,0.8717948717948718
through,226,53,0.8100358422939068
also,372,98,0.7914893617021277
instant,50,4,0.9259259259259259
product,195,28,0.874439461883408
everything,91,10,0.900990099009901
help,356,41,0.8967254408060453
start,202,12,0.9439252336448598
away,65,15,0.8125
thats,93,56,0.6241610738255033
life,375,21,0.946969696969697
offer,317,20,0.9406528189910979
bonus,101,0,1.0
future,255,25,0.9107142857142857
money,910,30,0.9680851063829787
win,58,4,0.9354838709677419
new,606,161,0.7900912646675359
calls,26,8,0.7647058823529411
list,709,231,0.7542553191489362
quality,108,6,0.9473684210526315
law,49,14,0.7777777777777778
back,167,48,0.7767441860465116
personal,167,20,0.893048128342246
name,579,8,0.9863713798977853
card,186,25,0.8815165876777251
makes,48,12,0.8
possible,91,14,0.8666666666666667
uses,20,11,0.6451612903225806
movies,36,1,0.972972972972973
own,254,39,0.8668941979522184
why,165,40,0.8048780487804879
spend,33,8,0.8048780487804879
thousands,143,8,0.9470198675496688
dollars,227,5,0.978448275862069
burn,26,7,0.7878787878787878
both,103,32,0.762962962962963
tv,55,11,0.8333333333333334
standard,45,14,0.7627118644067796
collection,21,7,0.75
fit,24,5,0.8275862068965517
having,81,22,0.7864077669902912
hard,57,22,0.7215189873417721
disk,30,10,0.75
space,24,7,0.7741935483870968
interactive,38,1,0.9743589743589743
pro,28,3,0.9032258064516129
once,152,33,0.8216216216216217
gone,13,4,0.7647058823529411
easy,194,26,0.8818181818181818
follow,107,10,0.9145299145299145
included,68,9,0.8831168831168831
additional,91,19,0.8272727272727273
stop,53,13,0.803030303030303
waiting,47,5,0.9038461538461539
mail,251,50,0.8338870431893688
provided,43,11,0.7962962962962963
few,156,43,0.7839195979899497
required,126,11,0.9197080291970803
plus,154,18,0.8953488372093024
bonuses,45,0,1.0
needed,63,18,0.7777777777777778
download,79,21,0.79
limited,90,15,0.8571428571428571
super,37,2,0.9487179487179487
low,173,13,0.9301075268817204
price,265,27,0.9075342465753424
fill,203,0,1.0
form,346,15,0.9584487534626038
below,353,8,0.9778393351800554
versions,15,9,0.625
absolutely,115,0,1.0
alone,25,7,0.78125
save,219,14,0.9399141630901288
keep,175,23,0.8838383838383839
real,177,27,0.8676470588235294
situation,45,11,0.8035714285714286
magazine,23,4,0.8518518518518519
times,80,36,0.6896551724137931
control,72,19,0.7912087912087912
anywhere,62,8,0.8857142857142857
world,178,57,0.7574468085106383
almost,51,13,0.796875
operating,27,12,0.6923076923076923
system,215,59,0.7846715328467153
begin,32,14,0.6956521739130435
working,127,25,0.8355263157894737
front,20,3,0.8695652173913043
cnet,1,58,0.01694915254237288
say,104,40,0.7222222222222222
sign,50,15,0.7692307692307693
trial,21,7,0.75
info,134,15,0.8993288590604027
join,55,13,0.8088235294117647
mailing,348,100,0.7767857142857143
programs,218,4,0.9819819819819819
utilities,21,2,0.9130434782608695
includes,112,9,0.9256198347107438
tested,16,5,0.7619047619047619
legal,187,9,0.9540816326530612
copies,12,6,0.6666666666666666
copyright,52,27,0.6582278481012658
material,26,3,0.896551724137931
purpose,32,4,0.8888888888888888
selling,59,10,0.855072463768116
third,37,11,0.7708333333333334
party,55,9,0.859375
those,234,57,0.8041237113402062
guide,263,6,0.9776951672862454
end,99,32,0.7557251908396947
user,18,39,0.3157894736842105
sold,60,4,0.9375
part,109,19,0.8515625
purchasing,21,0,1.0
rights,87,41,0.6796875
satisfaction,33,0,1.0
guaranteed,164,1,0.9939393939393939
last,104,33,0.7591240875912408
street,56,24,0.7
address,543,50,0.9156829679595279
city,162,4,0.9759036144578314
state,283,18,0.9401993355481728
zip,27,1,0.9642857142857143
company,346,42,0.8917525773195877
email,1608,167,0.9059154929577464
phone,277,21,0.9295302013422819
credit,336,10,0.9710982658959537
type,114,26,0.8142857142857143
date,51,96,0.3469387755102041
contenttype,294,39,0.8828828828828829
texthtml;,115,2,0.9829059829059829
charsetiso88591,162,6,0.9642857142857143
contenttransferencoding,256,11,0.9588014981273408
base64,42,0,1.0
purchase,176,5,0.9723756906077348
necessary,45,7,0.8653846153846154
adult,84,0,1.0
online,311,38,0.8911174785100286
best,321,49,0.8675675675675676
kept,32,2,0.9411764705882353
secret,70,2,0.9722222222222222
here,928,93,0.9089128305582762
special,247,13,0.95
featurepacked,33,0,1.0
viruses,24,8,0.75
valuable,92,3,0.968421052631579
information,711,86,0.8920953575909661
yours,95,4,0.9595959595959596
optin,84,4,0.9545454545454546
norton,41,0,1.0
ad,105,7,0.9375
attention,44,6,0.88
must,161,23,0.875
deal,98,19,0.8376068376068376
suite,46,9,0.8363636363636363
professional,163,9,0.9476744186046512
edition,25,9,0.7352941176470589
six,44,6,0.88
yes,96,13,0.8807339449541285
protect,66,7,0.9041095890410958
unwanted,28,1,0.9655172413793104
private,97,11,0.8981481481481481
allow,104,9,0.9203539823008849
transfer,63,5,0.9264705882352942
send,522,43,0.9238938053097345
emails,334,9,0.9737609329446064
safely,18,1,0.9473684210526315
quick,74,10,0.8809523809523809
easily,108,9,0.9230769230769231
improve,31,6,0.8378378378378378
pcs,23,8,0.7419354838709677
great,136,42,0.7640449438202247
combined,26,0,1.0
retail,79,2,0.9753086419753086
value,108,15,0.8780487804878049
shipping,122,10,0.9242424242424242
dont,422,101,0.8068833652007649
obtained,30,0,1.0
code,97,35,0.7348484848484849
wish,250,8,0.9689922480620154
please,839,56,0.9374301675977653
simply,168,16,0.9130434782608695
girl,15,1,0.9375
next,197,36,0.8454935622317596
hidden,28,2,0.9333333333333333
removed,361,7,0.9809782608695652
increase,116,5,0.9586776859504132
w,33,6,0.8461538461538461
sexual,30,5,0.8571428571428571
sex,48,7,0.8727272727272727
offering,60,4,0.9375
unique,42,4,0.9130434782608695
products,219,19,0.9201680672268907
moments,13,0,1.0
someone,65,22,0.7471264367816092
@,16,1,0.9411764705882353
m,60,7,0.8955223880597015
en,92,3,0.968421052631579
energy,21,4,0.84
level,60,21,0.7407407407407407
maintain,15,4,0.7894736842105263
e,155,15,0.9117647058823529
everyone,60,9,0.8695652173913043
desire,42,4,0.9130434782608695
while,166,38,0.8137254901960784
hot,29,11,0.725
receiving,132,12,0.9166666666666666
because,299,61,0.8305555555555556
receive,576,18,0.9696969696969697
regarding,47,3,0.94
promotions,19,0,1.0
o,111,18,0.8604651162790697
r,109,31,0.7785714285714286
offers,167,15,0.9175824175824175
feel,117,10,0.9212598425196851
received,249,22,0.9188191881918819
message,469,127,0.7869127516778524
error,82,22,0.7884615384615384
wi,12,0,1.0
subscriber,36,4,0.9
within,276,27,0.9108910891089109
less,127,20,0.8639455782312925
three,84,20,0.8076923076923077
business,895,42,0.9551760939167556
d,59,5,0.921875
thank,128,8,0.9411764705882353
sorry,32,4,0.8888888888888888
inconvenience,27,2,0.9310344827586207
marketing,299,12,0.9614147909967846
direct,83,6,0.9325842696629213
million,338,32,0.9135135135135135
per,247,14,0.946360153256705
letter,166,5,0.9707602339181286
addresses,225,7,0.9698275862068966
internet,433,54,0.8891170431211499
years,224,34,0.8682170542635659
general,83,12,0.8736842105263158
completely,39,5,0.8863636363636364
advertising,122,7,0.9457364341085271
us,814,110,0.8809523809523809
remove,264,17,0.9395017793594306
well,208,71,0.7455197132616488
sales,211,11,0.9504504504504504
similar,30,10,0.75
ability,29,11,0.725
service,318,37,0.895774647887324
website,210,7,0.967741935483871
opportunity,189,3,0.984375
millions,85,7,0.9239130434782609
page,143,26,0.8461538461538461
promotion,41,2,0.9534883720930233
answer,57,7,0.890625
exactly,46,11,0.8070175438596491
proven,51,4,0.9272727272727272
fact,87,29,0.75
profits,32,1,0.9696969696969697
generate,49,1,0.98
amazing,26,3,0.896551724137931
living,61,8,0.8840579710144928
clients,71,12,0.8554216867469879
pay,169,13,0.9285714285714286
week,145,24,0.8579881656804734
want,485,55,0.8981481481481481
spending,17,6,0.7391304347826086
market,205,18,0.9192825112107623
works,94,19,0.831858407079646
sites,225,18,0.9259259259259259
custom,27,4,0.8709677419354839
asked,28,3,0.9032258064516129
specialists,17,1,0.9444444444444444
successful,105,4,0.963302752293578
setup,30,8,0.7894736842105263
fee,48,6,0.8888888888888888
payment,57,1,0.9827586206896551
policy,141,9,0.94
paid,89,14,0.8640776699029126
full,122,43,0.7393939393939394
delivery,37,8,0.8222222222222222
advertisement,52,3,0.9454545454545454
notice,84,10,0.8936170212765957
materials,37,3,0.925
serious,45,7,0.8653846153846154
following,178,14,0.9270833333333334
contact,231,11,0.9545454545454546
country,145,10,0.9354838709677419
fax,198,5,0.9753694581280788
case,89,20,0.8165137614678899
nonsmoker,22,0,1.0
preferred,28,4,0.875
study,17,8,0.68
face,41,4,0.9111111111111111
male,75,0,1.0
good,155,47,0.7673267326732673
health,77,3,0.9625
issued,43,0,1.0
doctor,13,1,0.9285714285714286
details,79,16,0.8315789473684211
female,47,1,0.9791666666666666
social,28,6,0.8235294117647058
smoker,15,0,1.0
month,231,17,0.9314516129032258
daily,61,15,0.8026315789473685
without,164,51,0.7627906976744186
extra,41,10,0.803921568627451
weve,26,8,0.7647058823529411
1000s,23,0,1.0
agents,62,1,0.9841269841269841
tough,10,3,0.7692307692307693
cases,35,10,0.7777777777777778
anyone,129,26,0.832258064516129
mailings,152,1,0.9934640522875817
does,255,61,0.8069620253164557
sent,262,34,0.8851351351351351
insurance,267,1,0.996268656716418
professionals,109,7,0.9396551724137931
reply,252,5,0.980544747081712
instead,121,21,0.852112676056338
multipart,110,2,0.9821428571428571
mime,106,10,0.9137931034482759
format,132,10,0.9295774647887324
textplain;,121,17,0.8768115942028986
charsetwindows1252,54,0,1.0
7bit,71,5,0.9342105263157895
ordered,53,4,0.9298245614035088
tobacco,19,0,1.0
communication,99,7,0.9339622641509434
quotedprintable,131,6,0.9562043795620438
rates,197,4,0.9800995024875622
communication20,29,0,1.0
i,2150,635,0.7719928186714542
rpmlist,0,30,0.0
thanks,58,35,0.6236559139784946
work,329,62,0.8414322250639387
point,64,25,0.7191011235955056
become,109,10,0.9159663865546218
another,97,34,0.7404580152671756
trouble,15,9,0.625
think,106,56,0.654320987654321
tool,51,11,0.8225806451612904
talk,34,6,0.85
rpm,2,30,0.0625
building,36,12,0.75
techniques,27,7,0.7941176470588235
t,105,8,0.9292035398230089
url,20,71,0.21978021978021978
worlds,53,15,0.7794117647058824
tivo,23,1,0.9583333333333334
cable,23,1,0.9583333333333334
news,164,59,0.7354260089686099
power,78,25,0.7572815533980582
newsletter,78,26,0.75
subscribers,28,3,0.9032258064516129
needs,87,13,0.87
five,74,4,0.9487179487179487
months,149,20,0.8816568047337278
never,189,27,0.875
television,14,1,0.9333333333333333
whether,60,17,0.7792207792207793
networks,18,42,0.3
such,159,46,0.775609756097561
numbers,78,7,0.9176470588235294
coming,59,14,0.8082191780821918
video,43,17,0.7166666666666667
demand,31,3,0.9117647058823529
industry,82,16,0.8367346938775511
related,40,8,0.8333333333333334
give,182,33,0.8465116279069768
brand,31,1,0.96875
stock,57,25,0.6951219512195121
decide,54,2,0.9642857142857143
hi,25,16,0.6097560975609756
welcome,62,17,0.7848101265822784
getting,80,24,0.7692307692307693
commentary,34,0,1.0
analysis,20,7,0.7407407407407407
federal,98,9,0.9158878504672897
before,209,36,0.8530612244897959
tell,100,17,0.8547008547008547
based,139,24,0.852760736196319
com,21,1,0.9545454545454546
electronic,27,2,0.9310344827586207
during,70,12,0.8536585365853658
smoking,45,1,0.9782608695652174
html,30,8,0.7894736842105263
reach,61,4,0.9384615384615385
top,144,31,0.8228571428571428
include,119,16,0.8814814814814815
wall,30,18,0.625
until,92,18,0.8363636363636363
sell,123,11,0.917910447761194
show,112,9,0.9256198347107438
after,233,38,0.8597785977859779
currently,82,17,0.8282828282828283
approved,54,2,0.9642857142857143
decided,70,5,0.9333333333333333
perhaps,9,14,0.391304347826087
according,34,12,0.7391304347826086
says,32,18,0.64
a0,86,7,0.9247311827956989
report,488,13,0.9740518962075848
weekly,32,4,0.8888888888888888
including,96,31,0.7559055118110236
event,17,8,0.68
looking,173,22,0.8871794871794871
already,105,22,0.8267716535433071
past,85,9,0.9042553191489362
american,85,12,0.8762886597938144
film,1,14,0.06666666666666667
learn,126,24,0.84
targeted,69,0,1.0
audience,19,4,0.8260869565217391
clicking,53,4,0.9298245614035088
sending,127,6,0.9548872180451128
companies,202,35,0.8523206751054853
weeks,132,6,0.9565217391304348
support,115,32,0.782312925170068
move,81,10,0.8901098901098901
commercial,45,9,0.8333333333333334
reports,148,21,0.8757396449704142
friend,52,7,0.8813559322033898
growing,61,13,0.8243243243243243
putting,15,8,0.6521739130434783
big,51,23,0.6891891891891891
further,138,10,0.9324324324324325
happens,18,4,0.8181818181818182
under,130,15,0.896551724137931
wait,53,8,0.8688524590163934
distribution,23,7,0.7666666666666667
efforts,20,8,0.7142857142857143
leader,21,3,0.875
consumer,26,2,0.9285714285714286
anything,78,26,0.75
short,61,9,0.8714285714285714
watching,16,6,0.7272727272727273
agreement,29,2,0.9354838709677419
stay,30,6,0.8333333333333334
happen,59,6,0.9076923076923077
much,258,74,0.7771084337349398
extreme,35,4,0.8974358974358975
several,81,14,0.8526315789473684
succeed,34,1,0.9714285714285714
success,112,5,0.9572649572649573
claim,72,7,0.9113924050632911
however,84,31,0.7304347826086957
large,78,27,0.7428571428571429
growth,52,6,0.896551724137931
slow,12,7,0.631578947368421
consumers,14,3,0.8235294117647058
idea,55,22,0.7142857142857143
soon,57,10,0.8507462686567164
las,22,1,0.9565217391304348
west,31,3,0.9117647058823529
available,263,35,0.8825503355704698
reading,35,11,0.7608695652173914
read,175,80,0.6862745098039216
research,69,15,0.8214285714285714
story,28,44,0.3888888888888889
published,31,4,0.8857142857142857
every,286,34,0.89375
war,30,13,0.6976744186046512
wrong,27,5,0.84375
change,151,41,0.7864583333333334
forever,40,0,1.0
exclusive,40,9,0.8163265306122449
check,177,43,0.8045454545454546
site,355,23,0.9391534391534392
request,107,5,0.9553571428571429
visit,195,16,0.9241706161137441
subscription,22,34,0.39285714285714285
center,79,19,0.8061224489795918
edit,14,2,0.875
interests,22,2,0.9166666666666666
unsubscribe,202,43,0.8244897959183674
privacy,64,7,0.9014084507042254
live,97,24,0.8016528925619835
national,58,16,0.7837837837837838
post,43,14,0.7543859649122807
questions,108,19,0.8503937007874016
oracle,7,43,0.14
oracle9i,0,34,0.0
otn,0,23,0.0
application,119,45,0.725609756097561
server,34,56,0.37777777777777777
oracle9ias,0,16,0.0
books,38,20,0.6551724137931034
events,24,13,0.6486486486486487
jdeveloper,0,10,0.0
downloads,6,21,0.2222222222222222
feature,8,22,0.26666666666666666
university,11,25,0.3055555555555556
worldwide,51,11,0.8225806451612904
july,21,34,0.38181818181818183
linux,34,121,0.21935483870967742
developers,5,10,0.3333333333333333
tools,67,26,0.7204301075268817
features,46,20,0.696969696969697
portal,1,13,0.07142857142857142
community,44,21,0.676923076923077
development,46,27,0.6301369863013698
technical,44,11,0.8
sample,25,5,0.8333333333333334
experience,78,33,0.7027027027027027
complete,203,12,0.9441860465116279
security,143,33,0.8125
let,116,13,0.8992248062015504
deliver,21,5,0.8076923076923077
forms,43,4,0.9148936170212766
voice,22,8,0.7333333333333333
infrastructure,2,13,0.13333333333333333
americas,13,8,0.6190476190476191
members,61,13,0.8243243243243243
shipped,30,3,0.9090909090909091
platform,28,14,0.6666666666666666
savings,46,6,0.8846153846153846
lets,54,11,0.8307692307692308
share,71,11,0.8658536585365854
submit,52,5,0.9122807017543859
build,76,21,0.7835051546391752
red,5,39,0.11363636363636363
hat,3,30,0.09090909090909091
taking,25,10,0.7142857142857143
java,5,50,0.09090909090909091
results,110,17,0.8661417322834646
better,122,45,0.7305389221556886
result,55,16,0.7746478873239436
four,42,6,0.875
together,23,11,0.6764705882352942
pages,66,10,0.868421052631579
solution,38,22,0.6333333333333333
minute,49,4,0.9245283018867925
reviews,10,17,0.37037037037037035
costs,34,7,0.8292682926829268
days,192,20,0.9056603773584906
monthly,53,4,0.9298245614035088
major,67,8,0.8933333333333333
enter,65,13,0.8333333333333334
exchange,52,7,0.8813559322033898
projects,32,6,0.8421052631578947
participate,40,2,0.9523809523809523
visitors,22,1,0.9565217391304348
eligible,27,1,0.9642857142857143
fully,50,5,0.9090909090909091
dell,0,24,0.0
learning,22,2,0.9166666666666666
rules,14,4,0.7777777777777778
interest,212,10,0.954954954954955
develop,26,2,0.9285714285714286
high,137,22,0.8616352201257862
initial,23,3,0.8846153846153846
valid,35,7,0.8333333333333334
helping,22,4,0.8461538461538461
consolidation,23,4,0.8518518518518519
place,115,18,0.8646616541353384
created,29,10,0.7435897435897436
resources,66,4,0.9428571428571428
senior,23,9,0.71875
director,21,9,0.7
moving,14,3,0.8235294117647058
ever,149,14,0.9141104294478528
still,97,38,0.7185185185185186
faster,34,8,0.8095238095238095
facts,48,4,0.9230769230769231
into,268,70,0.7928994082840237
am,342,49,0.8746803069053708
record,34,10,0.7727272727272727
single,48,19,0.7164179104477612
directory,39,13,0.75
cost,176,18,0.9072164948453608
search,189,22,0.8957345971563981
gain,21,4,0.84
speed,20,7,0.7407407407407407
microsoft,12,35,0.2553191489361702
rich,29,5,0.8529411764705882
therefore,30,4,0.8823529411764706
sources,26,2,0.9285714285714286
benefit,83,1,0.9880952380952381
existing,39,5,0.8863636363636364
paper,53,12,0.8153846153846154
heres,41,15,0.7321428571428571
detailed,25,4,0.8620689655172413
instructions,136,12,0.918918918918919
fastest,43,11,0.7962962962962963
made,255,31,0.8916083916083916
quickly,30,8,0.7894736842105263
device,2,27,0.06896551724137931
ready,70,5,0.9333333333333333
enterprise,7,17,0.2916666666666667
sun,6,14,0.3
net,109,21,0.8384615384615385
training,52,14,0.7878787878787878
true,95,15,0.8636363636363636
increased,31,2,0.9393939393939394
opportunities,66,13,0.8354430379746836
benefits,53,5,0.9137931034482759
plan,102,7,0.9357798165137615
job,79,22,0.7821782178217822
skills,38,1,0.9743589743589743
positions,14,3,0.8235294117647058
solutions,28,12,0.7
example,63,24,0.7241379310344828
series,25,14,0.6410256410256411
take,283,38,0.881619937694704
advantage,64,11,0.8533333333333334
20%,27,3,0.9
document,36,4,0.9
james,6,20,0.23076923076923078
effectively,19,3,0.8636363636363636
tips,46,17,0.7301587301587301
successfully,12,5,0.7058823529411765
helps,14,6,0.7
customers,100,14,0.8771929824561403
reliable,16,7,0.6956521739130435
relationship,22,2,0.9166666666666666
participation,18,1,0.9473684210526315
meet,46,7,0.8679245283018868
teach,29,2,0.9354838709677419
print,47,8,0.8545454545454545
andor,26,2,0.9285714285714286
newsletters,21,7,0.75
items,36,9,0.8
bulk,68,2,0.9714285714285714
where,159,59,0.7293577981651376
area,67,14,0.8271604938271605
china,46,3,0.9387755102040817
desktop,7,14,0.3333333333333333
local,38,15,0.7169811320754716
executive,6,16,0.2727272727272727
regards,55,13,0.8088235294117647
registered,58,13,0.8169014084507042
section,55,8,0.873015873015873
log,5,22,0.18518518518518517
box,98,20,0.8305084745762712
forget,29,6,0.8285714285714286
accounts,25,8,0.7575757575757576
youre,114,34,0.7702702702702703
delete,46,5,0.9019607843137255
account,139,8,0.9455782312925171
lists,47,19,0.7121212121212122
body,63,12,0.84
cc3a1c,12,0,1.0
se1babd,12,0,1.0
be1baa1n,10,0,1.0
textplain,33,15,0.6875
contained,44,15,0.7457627118644068
attachment,26,17,0.6046511627906976
original,92,43,0.6814814814814815
filename,23,15,0.6052631578947368
parameters,23,14,0.6216216216216216
consulting,37,3,0.925
tel,21,4,0.84
finance,18,1,0.9473684210526315
domain,85,4,0.9550561797752809
names,113,6,0.9495798319327731
multimedia,12,2,0.8571428571428571
b,45,9,0.8333333333333334
c,68,29,0.7010309278350515
co,17,1,0.9444444444444444
ltd,14,0,1.0
manager,48,12,0.8
usd,115,1,0.9913793103448276
sfnet,62,28,0.6888888888888889
sponsored,66,29,0.6947368421052632
bythinkgeek,42,12,0.7777777777777778
geek,42,15,0.7368421052631579
heaven,81,12,0.8709677419354839
spamassassinsightings,60,0,1.0
buy4now,0,16,0.0
school,50,11,0.819672131147541
home,476,31,0.9388560157790927
set,80,38,0.6779661016949152
register,41,10,0.803921568627451
desk,13,4,0.7647058823529411
office,75,14,0.8426966292134831
competition,28,3,0.9032258064516129
gift,30,2,0.9375
partner,39,5,0.8863636363636364
apple,4,21,0.16
sure,121,37,0.7658227848101266
seen,85,13,0.8673469387755102
old,88,26,0.7719298245614035
add,74,21,0.7789473684210526
contains,106,8,0.9298245614035088
master,31,5,0.8611111111111112
wide,27,5,0.84375
bills,62,4,0.9393939393939394
funds,51,3,0.9444444444444444
statements,58,4,0.9354838709677419
terms,52,6,0.896551724137931
apply,130,7,0.948905109489051
banks,23,2,0.92
licensed,21,4,0.84
bank,101,7,0.9351851851851852
very,259,38,0.8720538720538721
mp3,7,14,0.3333333333333333
rate,122,8,0.9384615384615385
lines,7,20,0.25925925925925924
sat,3,17,0.15
longer,62,9,0.8732394366197183
member,93,14,0.8691588785046729
protection,44,8,0.8461538461538461
subject,220,45,0.8301886792452831
me,495,83,0.856401384083045
text,57,24,0.7037037037037037
sale,65,9,0.8783783783783784
grant,165,1,0.9939759036144579
remember,115,19,0.8582089552238806
qualify,56,0,1.0
lose,127,5,0.9621212121212122
too,107,54,0.6645962732919255
individuals,69,4,0.9452054794520548
ensure,26,3,0.896551724137931
used,122,46,0.7261904761904762
risk,143,2,0.9862068965517241
minimum,32,1,0.9696969696969697
larger,26,4,0.8666666666666667
nothing,71,10,0.8765432098765432
gets,22,10,0.6875
deadline,17,0,1.0
being,171,49,0.7772727272727272
x,36,7,0.8372093023255814
around,67,20,0.7701149425287356
same,126,49,0.72
100%,131,9,0.9357142857142857
happy,67,5,0.9305555555555556
answers,33,4,0.8918918918918919
machine,23,13,0.6388888888888888
membership,129,2,0.9847328244274809
ideas,44,11,0.8
factors,24,1,0.96
cause,37,12,0.7551020408163265
links,73,9,0.8902439024390244
should,190,51,0.7883817427385892
link,206,14,0.9363636363636364
year,283,18,0.9401993355481728
unless,24,9,0.7272727272727273
ways,48,12,0.8
clean,21,10,0.6774193548387096
taken,53,6,0.8983050847457628
basis,24,5,0.8275862068965517
wrote,9,101,0.08181818181818182
left,35,17,0.6730769230769231
clear,20,12,0.625
q,46,0,1.0
along,55,15,0.7857142857142857
hundreds,115,4,0.9663865546218487
told,39,7,0.8478260869565217
drive,65,19,0.7738095238095238
automatically,41,5,0.8913043478260869
either,53,12,0.8153846153846154
hope,42,9,0.8235294117647058
basic,18,8,0.6923076923076923
keeps,13,6,0.6842105263157895
starting,42,7,0.8571428571428571
dear,120,8,0.9375
finding,25,6,0.8064516129032258
memory,14,30,0.3181818181818182
always,99,21,0.825
regular,25,4,0.8620689655172413
different,85,30,0.7391304347826086
nt,14,2,0.875
current,119,10,0.9224806201550387
hearing,20,2,0.9090909090909091
lately,12,1,0.9230769230769231
os,5,25,0.16666666666666666
count,27,0,1.0
hand,24,8,0.75
installed,5,19,0.20833333333333334
little,108,26,0.8059701492537313
trade,97,3,0.97
making,116,15,0.8854961832061069
cash,257,6,0.9771863117870723
really,101,51,0.6644736842105263
able,100,16,0.8620689655172413
simple,203,20,0.9103139013452914
effective,59,1,0.9833333333333333
ask,58,4,0.9354838709677419
least,125,23,0.8445945945945946
todays,23,11,0.6764705882352942
ads,57,7,0.890625
easier,21,8,0.7241379310344828
steps,44,4,0.9166666666666666
carefully,37,2,0.9487179487179487
involved,70,5,0.9333333333333333
leads,45,3,0.9375
hours,171,4,0.9771428571428571
income,231,1,0.9956896551724138
guarantee,120,1,0.9917355371900827
creating,13,7,0.65
powerful,50,2,0.9615384615384616
target,34,9,0.7906976744186046
charge,84,2,0.9767441860465116
added,24,14,0.631578947368421
fun,37,11,0.7708333333333334
chance,43,8,0.8431372549019608
y,70,0,1.0
love,43,11,0.7962962962962963
something,75,38,0.6637168141592921
main,25,9,0.7352941176470589
paste,33,4,0.8918918918918919
finally,48,5,0.9056603773584906
ordering,80,0,1.0
requests,31,7,0.8157894736842105
followed,28,3,0.9032258064516129
supplied,9,22,0.2903225806451613
extended,42,2,0.9545454545454546
paragraph,43,5,0.8958333333333334
discovered,26,9,0.7428571428571429
things,53,28,0.654320987654321
ebook,56,1,0.9824561403508771
etc,89,19,0.8240740740740741
subscribed,32,14,0.6956521739130435
resume,14,2,0.875
specific,53,19,0.7361111111111112
statistics,14,2,0.875
track,51,8,0.864406779661017
cover,17,3,0.85
writing,51,10,0.8360655737704918
career,46,4,0.92
south,56,6,0.9032258064516129
north,33,7,0.825
united,140,17,0.89171974522293
states,166,13,0.9273743016759777
republic,38,2,0.95
california,16,8,0.6666666666666666
washington,30,6,0.8333333333333334
canada,39,11,0.78
india,29,9,0.7631578947368421
nigeria,42,0,1.0
san,30,5,0.8571428571428571
africa,42,2,0.9545454545454546
spain,34,0,1.0
partners,48,17,0.7384615384615385
cut,26,4,0.8666666666666667
browser,24,8,0.75
returned,17,4,0.8095238095238095
aging,62,0,1.0
dr,17,2,0.8947368421052632
age,98,4,0.9607843137254902
feeling,24,0,1.0
saying,18,9,0.6666666666666666
noticed,16,5,0.7619047619047619
white,30,4,0.8823529411764706
black,79,6,0.9294117647058824
patterns,3,8,0.2727272727272727
second,75,14,0.8426966292134831
going,102,28,0.7846153846153846
women,60,8,0.8823529411764706
stopped,14,3,0.8235294117647058
again,148,29,0.8361581920903954
shocked,16,0,1.0
handling,21,5,0.8076923076923077
usa,77,9,0.8953488372093024
h,31,1,0.96875
naturally,17,3,0.85
moment,48,1,0.9795918367346939
n,68,13,0.8395061728395061
giving,17,6,0.7391304347826086
production,29,1,0.9666666666666667
matter,85,6,0.9340659340659341
le,41,1,0.9761904761904762
s,127,7,0.9477611940298507
natural,40,1,0.975609756097561
human,49,6,0.8909090909090909
fat,37,1,0.9736842105263158
muscle,28,1,0.9655172413793104
dreams,21,2,0.9130434782608695
exercise,43,0,1.0
hair,27,3,0.9
extremely,34,7,0.8292682926829268
important,113,12,0.904
kids,20,2,0.9090909090909091
brother,20,3,0.8695652173913043
actual,29,9,0.7631578947368421
contacts,27,2,0.9310344827586207
small,112,15,0.8818897637795275
selection,17,3,0.85
choose,57,11,0.8382352941176471
close,25,16,0.6097560975609756
note,94,11,0.8952380952380953
harley,0,14,0.0
cc,3,18,0.14285714285714285
kind,58,17,0.7733333333333333
started,88,7,0.9263157894736842
care,78,4,0.9512195121951219
got,70,30,0.7
recently,46,12,0.7931034482758621
took,35,9,0.7954545454545454
amount,90,13,0.8737864077669902
monday,1,18,0.05263157894736842
moved,33,6,0.8461538461538461
comprehensive,42,4,0.9130434782608695
fork,1,12,0.07692307692307693
imagine,19,4,0.8260869565217391
youve,78,8,0.9069767441860465
known,35,9,0.7954545454545454
anyway,2,17,0.10526315789473684
amazed,20,1,0.9523809523809523
waste,20,4,0.8333333333333334
believe,98,24,0.8032786885245902
databases,23,5,0.8214285714285714
tried,32,16,0.6666666666666666
load,5,20,0.2
minimal,20,3,0.8695652173913043
accepted,42,1,0.9767441860465116
writes,5,29,0.14705882352941177
designed,34,10,0.7727272727272727
understand,69,21,0.7666666666666667
wanting,22,4,0.8461538461538461
due,74,17,0.8131868131868132
merchant,21,1,0.9545454545454546
cards,75,3,0.9615384615384616
express,36,2,0.9473684210526315
confidential,58,3,0.9508196721311475
accept,51,6,0.8947368421052632
approval,15,2,0.8823529411764706
businesses,79,4,0.9518072289156626
put,130,26,0.8333333333333334
upon,57,4,0.9344262295081968
receipt,26,0,1.0
establish,24,1,0.96
warranty,48,1,0.9795918367346939
transaction,134,9,0.9370629370629371
line,147,40,0.786096256684492
obligation,83,3,0.9651162790697675
step,157,6,0.9631901840490797
contracts,34,4,0.8947368421052632
p,43,8,0.8431372549019608
rest,38,7,0.8444444444444444
remain,14,4,0.7777777777777778
l,33,6,0.8461538461538461
excellent,41,8,0.8367346938775511
fair,24,6,0.8
poor,22,6,0.7857142857142857
bound,12,5,0.7058823529411765
purchased,27,5,0.84375
revenue,22,4,0.8461538461538461
reader,53,2,0.9636363636363636
engines,101,2,0.9805825242718447
directories,25,2,0.9259259259259259
listed,51,5,0.9107142857142857
traffic,38,11,0.7755102040816326
introduce,38,2,0.95
youll,129,16,0.8896551724137931
surprised,21,1,0.9545454545454546
submitting,23,0,1.0
hear,31,10,0.7560975609756098
viagra,36,0,1.0
totally,22,3,0.88
enjoy,30,1,0.967741935483871
try,107,32,0.7697841726618705
drug,24,2,0.9230769230769231
deleted,21,1,0.9545454545454546
directly,36,8,0.8181818181818182
global,23,47,0.32857142857142857
websites,48,0,1.0
customer,124,4,0.96875
doubt,22,0,1.0
unsubscribed,30,1,0.967741935483871
cooperation,42,3,0.9333333333333333
requirements,36,7,0.8372093023255814
potential,92,8,0.92
perfect,52,8,0.8666666666666667
prices,118,10,0.921875
supply,26,2,0.9285714285714286
region,18,7,0.72
field,49,5,0.9074074074074074
hour,40,3,0.9302325581395349
interested,120,6,0.9523809523809523
cycle,13,1,0.9285714285714286
;,19,29,0.3958333333333333
ilug@linuxie,17,34,0.3333333333333333
via,94,21,0.8173913043478261
incredible,30,1,0.967741935483871
losing,24,2,0.9230769230769231
checks,51,3,0.9444444444444444
trust,60,3,0.9523809523809523
off,116,45,0.7204968944099379
mac,4,16,0.2
tech,7,50,0.12280701754385964
steve,6,15,0.2857142857142857
satellite,21,4,0.84
easytouse,13,4,0.7647058823529411
phones,14,4,0.7777777777777778
bigger,6,10,0.375
laser,33,2,0.9428571428571428
printer,34,2,0.9444444444444444
hardware,6,31,0.16216216216216217
majority,18,4,0.8181818181818182
bring,32,15,0.6808510638297872
continue,71,9,0.8875
envelope,28,1,0.9655172413793104
hp,27,6,0.8181818181818182
dedicated,14,5,0.7368421052631579
managers,11,1,0.9166666666666666
fortune,48,3,0.9411764705882353
education,49,5,0.9074074074074074
students,13,4,0.7647058823529411
devices,3,9,0.25
died,24,3,0.8888888888888888
june,28,4,0.875
annual,28,4,0.875
road,56,5,0.9180327868852459
buying,38,11,0.7755102040816326
billion,77,8,0.9058823529411765
leave,19,8,0.7037037037037037
common,27,5,0.84375
term,99,6,0.9428571428571428
intel,2,19,0.09523809523809523
public,67,14,0.8271604938271605
wanted,41,1,0.9761904761904762
inexpensive,15,2,0.8823529411764706
advertise,36,11,0.7659574468085106
commission,86,2,0.9772727272727273
annuity,44,0,1.0
options,34,11,0.7555555555555555
earn,119,1,0.9916666666666667
notice20,34,0,1.0
cannot,77,12,0.8651685393258427
employed,19,1,0.95
vast,21,5,0.8076923076923077
train,26,1,0.9629629629629629
independent,68,2,0.9714285714285714
substantial,38,0,1.0
immediately,95,7,0.9313725490196079
requested,15,2,0.8823529411764706
yourself,151,5,0.967948717948718
unsolicited,37,8,0.8222222222222222
kindly,23,1,0.9583333333333334
doing,83,12,0.8736842105263158
total,157,6,0.9631901840490797
unlimited,38,1,0.9743589743589743
comes,43,14,0.7543859649122807
exciting,40,0,1.0
removal,123,1,0.9919354838709677
intended,51,5,0.9107142857142857
financial,197,12,0.9425837320574163
car,80,3,0.963855421686747
quote,63,3,0.9545454545454546
auto,36,0,1.0
worst,21,4,0.84
family,112,9,0.9256198347107438
expense,20,1,0.9523809523809523
hit,26,8,0.7647058823529411
miles,15,4,0.7894736842105263
prompt,31,2,0.9393939393939394
tollfree,25,1,0.9615384615384616
claims,40,2,0.9523809523809523
assistance,95,1,0.9895833333333334
oil,21,2,0.9130434782608695
excess,25,0,1.0
shape,16,4,0.8
kin,24,0,1.0
mortgage,160,0,1.0
aug,3,36,0.07692307692307693
client,52,15,0.7761194029850746
whole,47,11,0.8103448275862069
compatible,19,6,0.76
turn,53,4,0.9298245614035088
loan,106,1,0.9906542056074766
loans,71,0,1.0
refinance,58,0,1.0
debt,70,5,0.9333333333333333
improvement,90,0,1.0
apologize,39,0,1.0
redhat,0,15,0.0
myself,16,5,0.7619047619047619
wouldnt,36,7,0.8372093023255814
others,87,12,0.8787878787878788
words,39,13,0.75
bullet,10,1,0.9090909090909091
staff,20,7,0.7407407407407407
done,62,25,0.7126436781609196
mind,76,6,0.926829268292683
expect,40,5,0.8888888888888888
continuing,13,2,0.8666666666666667
intelligence,17,1,0.9444444444444444
willing,33,1,0.9705882352941176
luck,15,3,0.8333333333333334
effort,54,15,0.782608695652174
meaning,23,1,0.9583333333333334
reward,15,0,1.0
above,128,19,0.8707482993197279
position,53,4,0.9298245614035088
huge,58,6,0.90625
forward,66,2,0.9705882352941176
sincerely,51,3,0.9444444444444444
ps,41,5,0.8913043478260869
given,60,8,0.8823529411764706
pass,23,6,0.7931034482758621
qualified,46,2,0.9583333333333334
quotes,38,7,0.8444444444444444
wont,40,14,0.7407407407407407
lowest,86,1,0.9885057471264368
ve,21,0,1.0
de,261,5,0.981203007518797
sir,36,1,0.972972972972973
madam,13,0,1.0
paying,36,5,0.8780487804878049
michael,26,4,0.8666666666666667
later,85,5,0.9444444444444444
shop,32,2,0.9411764705882353
orders,222,7,0.9694323144104804
wonderful,12,3,0.8
5%,32,0,1.0
ny,20,2,0.9090909090909091
cell,17,9,0.6538461538461539
fast,83,3,0.9651162790697675
jabber,19,9,0.6785714285714286
realtime,34,11,0.7555555555555555
friends,54,11,0.8307692307692308
playing,16,10,0.6153846153846154
test,36,21,0.631578947368421
limit,27,3,0.9
signed,48,9,0.8421052631578947
financially,34,0,1.0
owner,32,0,1.0
sep,5,32,0.13513513513513514
goes,33,9,0.7857142857142857
since,102,46,0.6891891891891891
contain,6,12,0.3333333333333333
lower,42,3,0.9333333333333333
reason,57,16,0.7808219178082192
organization,21,6,0.7777777777777778
described,18,5,0.782608695652174
vous,27,0,1.0
et,56,2,0.9655172413793104
la,58,4,0.9354838709677419
wed,2,29,0.06451612903225806
alter,21,1,0.9545454545454546
exmh,0,14,0.0
girls,30,0,1.0
proposed,20,2,0.9090909090909091
laws,35,5,0.875
title,40,3,0.9302325581395349
iii,17,10,0.6296296296296297
passed,39,1,0.975
lenders,39,0,1.0
equity,43,1,0.9772727272727273
owners,40,2,0.9523809523809523
buyers,47,6,0.8867924528301887
minutes,95,5,0.95
strictly,18,1,0.9473684210526315
improved,23,3,0.8846153846153846
u,50,8,0.8620689655172413
tax,43,5,0.8958333333333334
freedom,40,5,0.8888888888888888
legitimate,24,3,0.8888888888888888
else,37,20,0.6491228070175439
respond,38,3,0.926829268292683
act,101,3,0.9711538461538461
investment,181,14,0.9282051282051282
hello,34,4,0.8947368421052632
man,27,10,0.7297297297297297
men,50,11,0.819672131147541
platforms,12,4,0.75
glad,19,1,0.95
superior,16,0,1.0
offered,41,3,0.9318181818181818
offshore,17,1,0.9444444444444444
providers,16,3,0.8421052631578947
letters,38,6,0.8636363636363636
effect,24,8,0.75
primary,24,2,0.9230769230769231
size,69,9,0.8846153846153846
investors,61,14,0.8133333333333334
reference,35,3,0.9210526315789473
countries,47,13,0.7833333333333333
verify,14,4,0.7777777777777778
f,30,7,0.8108108108108109
biggest,14,7,0.6666666666666666
ie,18,9,0.6666666666666666
fees,45,0,1.0
panel,21,3,0.875
insider,31,0,1.0
bottom,33,9,0.7857142857142857
discover,76,2,0.9743589743589743
safe,50,3,0.9433962264150944
strong,23,4,0.8518518518518519
markets,13,8,0.6190476190476191
optout,30,0,1.0
compliance,37,2,0.9487179487179487
residents,27,0,1.0
ca,42,8,0.84
weight,99,7,0.9339622641509434
loss,75,3,0.9615384615384616
pill,19,0,1.0
medical,43,0,1.0
penis,30,2,0.9375
whose,20,9,0.6896551724137931
history,39,7,0.8478260869565217
pt,2,14,0.125
premium,39,4,0.9069767441860465
compare,66,2,0.9705882352941176
self,21,3,0.875
deserve,11,6,0.6470588235294118
advice,23,1,0.9583333333333334
seriously,18,6,0.75
lead,29,11,0.725
towards,13,5,0.7222222222222222
figure,26,6,0.8125
handle,18,8,0.6923076923076923
immediate,54,3,0.9473684210526315
grow,23,5,0.8214285714285714
considered,40,1,0.975609756097561
exact,25,1,0.9615384615384616
testimonials,27,0,1.0
toner,95,0,1.0
cartridge,85,0,1.0
laserjet,46,0,1.0
item,27,2,0.9310344827586207
laserwriter,14,0,1.0
color,71,12,0.8554216867469879
capacity,20,2,0.9090909090909091
optra,10,0,1.0
cartridges,19,0,1.0
lexmark,11,1,0.9166666666666666
supplies,26,2,0.9285714285714286
class,30,6,0.8333333333333334
toll,26,0,1.0
hewlett,15,0,1.0
packard,15,0,1.0
epson,23,1,0.9583333333333334
person,118,5,0.959349593495935
es,24,1,0.96
canon,14,24,0.3684210526315789
property,79,7,0.9186046511627907
purposes,22,1,0.9565217391304348
1st,23,1,0.9583333333333334
recent,31,9,0.775
individual,25,4,0.8620689655172413
require,32,8,0.8
identity,20,6,0.7692307692307693
certain,24,6,0.8
miss,36,2,0.9473684210526315
guidelines,48,3,0.9411764705882353
permission,22,3,0.88
processed,15,0,1.0
consultation,19,1,0.95
assured,20,2,0.9090909090909091
carry,16,5,0.7619047619047619
diet,18,1,0.9473684210526315
ext,24,0,1.0
question,41,18,0.6949152542372882
wants,15,8,0.6521739130434783
shows,25,10,0.7142857142857143
worry,25,2,0.9259259259259259
affiliated,20,1,0.9523809523809523
instruction,27,0,1.0
safety,41,0,1.0
fixed,35,9,0.7954545454545454
seek,26,3,0.896551724137931
greater,22,4,0.8461538461538461
earnings,38,19,0.6666666666666666
roll,18,1,0.9473684210526315
anybody,31,5,0.8611111111111112
government,370,21,0.9462915601023018
late,62,3,0.9538461538461539
deposited,27,0,1.0
union,14,4,0.7777777777777778
beginning,14,6,0.7
period,32,4,0.8888888888888888
deposit,27,1,0.9642857142857143
sum,47,0,1.0
hence,20,2,0.9090909090909091
keeping,17,5,0.7727272727272727
hundred,28,0,1.0
dollar,38,3,0.926829268292683
civil,11,1,0.9166666666666666
stated,36,1,0.972972972972973
decision,27,4,0.8709677419354839
foreign,76,2,0.9743589743589743
truly,20,7,0.7407407407407407
dieting,36,0,1.0
discovery,28,0,1.0
journal,21,12,0.6363636363636364
multilevel,27,0,1.0
jody,35,0,1.0
po,41,0,1.0
goal,21,7,0.75
return,91,8,0.9191919191919192
mlm,42,0,1.0
response,142,9,0.9403973509933775
lot,77,25,0.7549019607843137
everyday,19,0,1.0
millionaire,38,1,0.9743589743589743
house,39,3,0.9285714285714286
methods,28,10,0.7368421052631579
commissions,56,0,1.0
corporation,36,9,0.8
invest,51,1,0.9807692307692307
january,25,6,0.8064516129032258
profitable,58,2,0.9666666666666667
knew,15,2,0.8823529411764706
insiders,23,3,0.8846153846153846
mitchell,19,1,0.95
chicago,32,1,0.9696969696969697
joined,28,2,0.9333333333333333
impossible,20,0,1.0
paragraphs,17,0,1.0
half,46,11,0.8070175438596491
popularity,18,1,0.9473684210526315
helped,26,7,0.7878787878787878
tremendous,23,1,0.9583333333333334
sounds,19,10,0.6551724137931034
heard,33,7,0.825
lost,30,10,0.75
skeptical,15,2,0.8823529411764706
concluded,14,4,0.7777777777777778
previously,25,7,0.78125
instructed,49,1,0.98
shown,33,1,0.9705882352941176
postal,31,0,1.0
secrets,66,0,1.0
fl,36,1,0.972972972972973
placed,23,0,1.0
progress,15,2,0.8823529411764706
batch,13,1,0.9285714285714286
placing,24,1,0.96
produce,24,2,0.9230769230769231
expenses,36,0,1.0
profit,39,5,0.8863636363636364
wife,29,2,0.9354838709677419
junk,15,1,0.9375
feet,12,6,0.6666666666666666
responses,36,1,0.972972972972973
seven,21,3,0.875
came,50,7,0.8771929824561403
telephone,66,3,0.9565217391304348
sender,24,4,0.8571428571428571
obtain,27,2,0.9310344827586207
george,8,3,0.7272727272727273
father,58,0,1.0
repair,23,1,0.9583333333333334
confidentiality,18,0,1.0
yahoo,8,18,0.3076923076923077
wealth,34,0,1.0
networking,6,18,0.25
honor,23,2,0.92
agreed,18,1,0.9473684210526315
dream,23,1,0.9583333333333334
truth,38,3,0.926829268292683
promise,24,6,0.8
para,43,0,1.0
produccion,22,0,1.0
relevant,20,4,0.8333333333333334
reasons,24,9,0.7272727272727273
broadcast,58,6,0.90625
gary,2,23,0.08
lawrence,0,22,0.0
murphy,0,21,0.0
highest,23,1,0.9583333333333334
toners,25,0,1.0
contracted,17,0,1.0
seems,10,26,0.2777777777777778
death,39,3,0.9285714285714286
children,32,5,0.8648648648648649
currency,40,0,1.0
department,33,6,0.8461538461538461
present,46,2,0.9583333333333334
highly,26,2,0.9285714285714286
proposal,34,1,0.9714285714285714
settlement,46,1,0.9787234042553191
fund,66,2,0.9705882352941176
action,34,6,0.85
submitted,28,1,0.9655172413793104
porn,30,1,0.967741935483871
average,46,10,0.8214285714285714
pounds,26,1,0.9629629629629629
mean,22,14,0.6111111111111112
resell,27,0,1.0
moneyback,18,0,1.0
recommend,13,7,0.65
confidence,35,3,0.9210526315789473
2nd,19,3,0.8636363636363636
held,35,6,0.8536585365853658
zurich,13,1,0.9285714285714286
beat,29,3,0.90625
williams,19,3,0.8636363636363636
thousand,22,2,0.9166666666666666
70%,25,0,1.0
enable,31,6,0.8378378378378378
nature,19,3,0.8636363636363636
rated,24,1,0.96
videos,22,1,0.9565217391304348
motivated,27,0,1.0
amounts,27,2,0.9310344827586207
75%,33,0,1.0
ourselves,19,1,0.95
often,38,12,0.76
abuse,28,0,1.0
boss,30,2,0.9375
locate,30,3,0.9090909090909091
court,31,4,0.8857142857142857
employees,19,4,0.8260869565217391
anytime,26,1,0.9629629629629629
employment,31,3,0.9117647058823529
license,18,3,0.8571428571428571
respect,31,6,0.8378378378378378
guides,55,1,0.9821428571428571
responded,38,0,1.0
assist,61,2,0.9682539682539683
sheets,21,1,0.9545454545454546
satisfied,20,0,1.0
providing,28,3,0.9032258064516129
legally,26,2,0.9285714285714286
02%,56,0,1.0
mailed,23,2,0.92
counting,30,0,1.0
strongly,22,0,1.0
powershot,0,22,0.0
broker,30,4,0.8823529411764706
zdnet,0,28,0.0
kelly,1,18,0.05263157894736842
igtt,15,0,1.0
indiginet,10,0,1.0
bulletin,11,1,0.9166666666666666
telecommunications,9,2,0.8181818181818182
revenues,22,1,0.9565217391304348
recommendation,33,0,1.0
trading,109,0,1.0
crossing,1,20,0.047619047619047616
worldcom,1,16,0.058823529411764705
expand,31,2,0.9393939393939394
assets,39,4,0.9069767441860465
bankruptcy,12,20,0.375
shall,32,0,1.0
barrister,19,0,1.0
military,30,9,0.7692307692307693
son,32,0,1.0
beneficiary,19,0,1.0
urgent,33,0,1.0
vacation,31,4,0.8857142857142857
agent,85,5,0.9444444444444444
lighting,20,0,1.0
european,13,26,0.3333333333333333
nations,19,12,0.6129032258064516
president,58,15,0.7945205479452054
speak,17,3,0.85
boxes,19,3,0.8636363636363636
college,33,4,0.8918918918918919
avoid,35,10,0.7777777777777778
consignment,23,0,1.0
association,29,1,0.9666666666666667
originally,13,4,0.7647058823529411
specialist,12,2,0.8571428571428571
pocket,34,5,0.8717948717948718
appears,18,5,0.782608695652174
floppy,17,3,0.85
associate,27,0,1.0
investments,23,9,0.71875
chris,4,29,0.12121212121212122
travel,45,5,0.9
taxes,18,5,0.782608695652174
strategies,33,0,1.0
creates,10,3,0.7692307692307693
nnt,0,15,0.0
properties,35,3,0.9210526315789473
saving,20,2,0.9090909090909091
gnulinux,0,12,0.0
chapter,1,10,0.09090909090909091
contract,34,2,0.9444444444444444
headlines,14,1,0.9333333333333333
difference,23,7,0.7666666666666667
audio,17,7,0.7083333333333334
policies,31,1,0.96875
xml,0,56,0.0
datapower,0,34,0.0
venrock,0,11,0.0
mobius,0,10,0.0
seed,7,12,0.3684210526315789
specifically,25,4,0.8620689655172413
largest,34,5,0.8717948717948718
refund,23,1,0.9583333333333334
pci,25,2,0.9259259259259259
monitor,15,2,0.8823529411764706
cdrom,41,4,0.9111111111111111
fulltime,13,2,0.8666666666666667
poker,19,0,1.0
Â·,33,0,1.0
forum,13,1,0.9285714285714286
premier,16,3,0.8421052631578947
stand,19,2,0.9047619047619048
grants,319,0,1.0
planning,32,3,0.9142857142857143
estate,88,0,1.0
delay,26,1,0.9629629629629629
christian,20,0,1.0
colleagues,19,0,1.0
cbyi,61,0,1.0
profiled,46,1,0.9787234042553191
securities,39,1,0.975
textdecoration,42,0,1.0
face3d22arial22,10,0,1.0
premiums,27,0,1.0
none;,14,0,1.0
fontfamily,32,0,1.0
arial,22,0,1.0
fontsize,33,0,1.0
sdram,29,4,0.8787878787878788
lifetime,39,2,0.9512195121951219
homemailers,12,0,1.0
degree,11,2,0.8461538461538461
nvidia,24,2,0.9230769230769231
64mb,18,3,0.8571428571428571
geforce2,17,0,1.0
ddram,14,0,1.0
32mb,14,0,1.0
ati,14,3,0.8235294117647058
wtv,10,0,1.0
revolution,1,13,0.07142857142857142
lesson,19,1,0.95
hotel,22,0,1.0
showcase,29,0,1.0
zapp,19,0,1.0
_,0,26,0.0
foam,10,0,1.0
bluecom,24,0,1.0
danmark,23,0,1.0
airways,1,16,0.058823529411764705
unspun,0,10,0.0
b7,36,0,1.0
warming,0,10,0.0
biz,8,3,0.7272727272727273
discount,18,1,0.9473684210526315
manage,15,7,0.6818181818181818
ebay,11,0,1.0
literally,10,2,0.8333333333333334
homes,11,1,0.9166666666666666
services,102,18,0.85
secure,39,11,0.78
data,37,12,0.7551020408163265
performance,13,6,0.6842105263157895
pc,28,10,0.7368421052631579
cheap,10,2,0.8333333333333334
wholesale,14,0,1.0
fall,8,4,0.6666666666666666
bar,12,1,0.9230769230769231
against,36,11,0.7659574468085106
affiliate,11,1,0.9166666666666666
requesting,14,0,1.0
attained,16,0,1.0
management,35,23,0.603448275862069
apologies,16,0,1.0
international,63,0,1.0
player,2,22,0.08333333333333333
tatum,0,11,0.0
door,8,3,0.7272727272727273
press,18,5,0.782608695652174
multiple,18,7,0.72
edge,9,2,0.8181818181818182
young,20,2,0.9090909090909091
means,26,10,0.7222222222222222
design,23,4,0.8518518518518519
thereby,9,1,0.9
yet,23,14,0.6216216216216216
sometimes,11,3,0.7857142857142857
normal,9,3,0.75
located,14,2,0.875
far,17,7,0.7083333333333334
flip,9,1,0.9
drop,11,3,0.7857142857142857
isp,11,3,0.7857142857142857
hosting,15,2,0.8823529411764706
represent,14,2,0.875
partnership,11,0,1.0
consider,13,4,0.7647058823529411
underwriting,10,2,0.8333333333333334
arrived,10,1,0.9090909090909091
paperwork,13,0,1.0
ensuring,9,1,0.9
increases,9,1,0.9
anyone20,13,0,1.0
list20,17,0,1.0
capability,9,1,0.9
parties,9,2,0.8181818181818182
mr,40,4,0.9090909090909091
peace,14,0,1.0
force,30,2,0.9375
containing,11,1,0.9166666666666666
gold,40,0,1.0
documents,29,3,0.90625
granted,13,2,0.8666666666666667
political,21,10,0.6774193548387096
venture,21,1,0.9545454545454546
established,19,0,1.0
god,19,2,0.9047619047619048
bless,11,0,1.0
des,35,0,1.0
messages,12,20,0.375
sur,18,0,1.0
ou,20,0,1.0
index,16,6,0.7272727272727273
automated,15,3,0.8333333333333334
combination,15,2,0.8823529411764706
responsible,11,2,0.8461538461538461
database,58,10,0.8529411764705882
ms,17,0,1.0
bill,28,2,0.9333333333333333
alternative,22,2,0.9166666666666666
found,42,22,0.65625
winning,10,0,1.0
acknowledged,12,1,0.9230769230769231
solve,9,1,0.9
records,16,3,0.8421052631578947
marriott,56,1,0.9824561403508771
oct,53,4,0.9298245614035088
cna,53,0,1.0
airport,40,0,1.0
nov,37,0,1.0
suites,18,0,1.0
hilton,12,0,1.0
blvd,12,0,1.0
rd,12,0,1.0
st,19,0,1.0
diego,12,0,1.0
valley,14,1,0.9333333333333333
tampa,12,0,1.0
john,19,10,0.6551724137931034
embassy,10,1,0.9090909090909091
mo,10,0,1.0
east,16,0,1.0
mission,14,0,1.0
clara,9,1,0.9
underwritten,10,0,1.0
forge,10,0,1.0
continental,11,0,1.0
innovative,9,1,0.9
longterm,10,0,1.0
and20,21,0,1.0
discuss,12,4,0.75
pm,17,9,0.6538461538461539
presentations,12,0,1.0
pa,14,0,1.0
md,9,1,0.9
pacific,30,0,1.0
los,10,2,0.8333333333333334
ave,11,2,0.8461538461538461
ga,9,1,0.9
ltc,27,0,1.0
york,12,1,0.9230769230769231
spirit,12,1,0.9230769230769231
to20,19,0,1.0
exist,9,3,0.75
root,11,6,0.6470588235294118
errors,17,2,0.8947368421052632
enough,32,1,0.9696969696969697
determine,10,2,0.8333333333333334
attorney,30,2,0.9375
replace,12,1,0.9230769230769231
theres,23,9,0.71875
none,37,12,0.7551020408163265
its,262,80,0.7660818713450293
obtaining,16,1,0.9411764705882353
agencies,33,0,1.0
scholarships,15,0,1.0
practically,13,0,1.0
ill,25,11,0.6944444444444444
thinking,26,7,0.7878787878787878
foundations,11,0,1.0
pie,10,1,0.9090909090909091
citizen,10,0,1.0
entitled,15,0,1.0
housing,14,1,0.9333333333333333
lessons,12,0,1.0
locating,12,0,1.0
capital,30,1,0.967741935483871
assistant,10,0,1.0
unemployed,10,0,1.0
activity,17,0,1.0
taste,9,1,0.9
whats,12,5,0.7058823529411765
problems,36,7,0.8372093023255814
mistakes,12,4,0.75
franchise,8,3,0.7272727272727273
technique,10,1,0.9090909090909091
behind,16,7,0.6956521739130435
strategy,27,1,0.9642857142857143
tip,10,0,1.0
managing,13,1,0.9285714285714286
priced,10,0,1.0
variety,12,2,0.8571428571428571
across,12,7,0.631578947368421
trying,17,11,0.6071428571428571
lawful,12,0,1.0
deposits,14,0,1.0
bad,30,4,0.8823529411764706
themselves,11,3,0.7857142857142857
america,44,3,0.9361702127659575
economy,9,3,0.75
remains,9,3,0.75
economic,24,4,0.8571428571428571
giveaway,10,0,1.0
incredibly,10,0,1.0
approximately,19,0,1.0
somehow,9,1,0.9
payments,20,0,1.0
summer,13,1,0.9285714285714286
art,15,2,0.8823529411764706
activities,17,1,0.9444444444444444
citizens,20,0,1.0
welfare,10,0,1.0
fire,11,1,0.9166666666666666
science,13,3,0.8125
proper,16,2,0.8888888888888888
presentation,18,0,1.0
book,37,1,0.9736842105263158
listings,24,1,0.96
supported,9,1,0.9
firms,13,0,1.0
customized,10,0,1.0
listing,55,1,0.9821428571428571
funding,14,1,0.9333333333333333
land,22,6,0.7857142857142857
acquisition,15,0,1.0
provides,25,7,0.78125
worthwhile,10,0,1.0
confident,11,0,1.0
entirely,18,3,0.8571428571428571
might,28,16,0.6363636363636364
arent,11,6,0.6470588235294118
cancel,13,0,1.0
featured,9,1,0.9
worth,29,6,0.8285714285714286
actually,30,17,0.6382978723404256
competitive,18,0,1.0
experts,9,2,0.8181818181818182
prescription,15,0,1.0
drugs,13,1,0.9285714285714286
predict,11,0,1.0
easiest,10,0,1.0
fail,13,0,1.0
entering,8,3,0.7272727272727273
select,25,3,0.8928571428571429
cutting,11,0,1.0
mine,9,1,0.9
reduction,13,1,0.9285714285714286
developing,13,4,0.7647058823529411
sense,15,2,0.8823529411764706
aware,13,2,0.8666666666666667
image,9,2,0.8181818181818182
leading,7,3,0.7
author,22,0,1.0
firm,19,1,0.95
presented,17,1,0.9444444444444444
learned,10,1,0.9090909090909091
judgments,57,0,1.0
course,88,13,0.8712871287128713
judgment,44,0,1.0
associates,43,0,1.0
processing,34,3,0.918918918918919
courses,22,0,1.0
between,39,12,0.7647058823529411
debtor,16,0,1.0
50%,23,2,0.92
collect,15,0,1.0
liens,12,0,1.0
extensive,11,2,0.8461538461538461
stocks,20,3,0.8695652173913043
joint,11,0,1.0
10%,26,1,0.9629629629629629
annually,12,1,0.9230769230769231
typically,10,1,0.9090909090909091
thomas,11,1,0.9166666666666666
larry,8,2,0.8
collecting,11,0,1.0
interesting,12,7,0.631578947368421
winner,14,0,1.0
identified,15,1,0.9375
massive,13,1,0.9285714285714286
solid,8,3,0.7272727272727273
earning,15,0,1.0
principle,7,3,0.7
frame,7,4,0.6363636363636364
agency,9,1,0.9
follows,9,1,0.9
range,10,2,0.8333333333333334
skip,16,6,0.7272727272727273
opened,11,0,1.0
twice,7,3,0.7
corporate,18,2,0.9
telling,7,3,0.7
pricing,27,2,0.9310344827586207
specials,15,0,1.0
running,8,14,0.36363636363636365
key,18,5,0.782608695652174
universal,12,0,1.0
systems,31,8,0.7948717948717948
g,28,6,0.8235294117647058
v,7,3,0.7
vehicles,20,0,1.0
conversion,18,0,1.0
accidents,10,0,1.0
patent,13,0,1.0
reduce,15,1,0.9375
filed,12,1,0.9230769230769231
likely,11,4,0.7333333333333333
figures,9,2,0.8181818181818182
circumstances,11,0,1.0
lives,8,4,0.6666666666666666
factor,14,1,0.9333333333333333
installation,16,2,0.8888888888888888
among,8,2,0.8
percentage,10,0,1.0
concerned,10,0,1.0
developed,9,1,0.9
par,11,0,1.0
heart,11,0,1.0
disease,11,1,0.9166666666666666
expected,9,1,0.9
addition,12,2,0.8571428571428571
near,12,6,0.6666666666666666
install,1,13,0.07142857142857142
renewal,19,0,1.0
piece,8,4,0.6666666666666666
distribute,9,2,0.8181818181818182
ten,13,0,1.0
expensive,13,3,0.8125
motor,11,0,1.0
generated,12,5,0.7058823529411765
worked,10,3,0.7692307692307693
engine,12,0,1.0
difficult,13,4,0.7647058823529411
lean,13,0,1.0
mass,17,1,0.9444444444444444
therapy,9,1,0.9
web,225,27,0.8928571428571429
issue,38,13,0.7450980392156863
august,7,15,0.3181818181818182
holding,11,2,0.8461538461538461
model,7,4,0.6363636363636364
useless,0,10,0.0
impressive,9,3,0.75
plug,13,2,0.8666666666666667
palm,3,10,0.23076923076923078
game,7,11,0.3888888888888889
choice,23,7,0.7666666666666667
shopping,19,4,0.8260869565217391
graphics,5,8,0.38461538461538464
useful,9,3,0.75
preferences,0,10,0.0
network,27,15,0.6428571428571429
homeowners,12,0,1.0
upfront,10,0,1.0
gambling,13,0,1.0
casino,14,0,1.0
3d,30,1,0.967741935483871
ng,14,0,1.0
players,9,4,0.6923076923076923
entertainment,9,3,0.75
mon,5,8,0.38461538461538464
codes,10,0,1.0
serve,13,0,1.0
double,13,1,0.9285714285714286
didnt,16,9,0.64
realize,11,0,1.0
re,13,4,0.7647058823529411
traditional,17,1,0.9444444444444444
ez,13,0,1.0
fedex,11,0,1.0
confirmation,16,1,0.9411764705882353
central,17,0,1.0
draft,11,0,1.0
official,13,5,0.7222222222222222
although,17,9,0.6538461538461539
attempt,9,1,0.9
certified,12,1,0.9230769230769231
tired,15,4,0.7894736842105263
certificate,3,7,0.3
host,10,6,0.625
sort,8,3,0.7272727272727273
advance,10,1,0.9090909090909091
coverage,15,3,0.8333333333333334
prepare,10,1,0.9090909090909091
congress,23,7,0.7666666666666667
spam,48,19,0.7164179104477612
advanced,11,1,0.9166666666666666
probably,23,14,0.6216216216216216
personally,14,1,0.9333333333333333
takes,16,5,0.7619047619047619
anymore,11,2,0.8461538461538461
channels,9,2,0.8181818181818182
favorite,21,7,0.75
calling,20,1,0.9523809523809523
behalf,14,8,0.6363636363636364
rather,14,7,0.6666666666666666
instantly,14,2,0.875
reached,11,0,1.0
xxx,14,0,1.0
opted,12,0,1.0
reported,10,0,1.0
sleep,20,0,1.0
aol,8,5,0.6153846153846154
pictures,17,1,0.9444444444444444
titles,13,0,1.0
visa,17,0,1.0
mastercard,12,0,1.0
serif;,10,0,1.0
normal;,15,0,1.0
whatever,11,4,0.7333333333333333
theyre,14,5,0.7368421052631579
knowledge,27,2,0.9310344827586207
youd,10,6,0.625
ghetto,15,0,1.0
negative,16,2,0.8888888888888888
issues,10,6,0.625
chosen,13,3,0.8125
african,15,1,0.9375
behavior,8,2,0.8
toward,9,1,0.9
stories,12,2,0.8571428571428571
culture,9,1,0.9
called,18,5,0.782608695652174
core,7,4,0.6363636363636364
exists,11,0,1.0
illegal,28,2,0.9333333333333333
failed,15,1,0.9375
americans,11,3,0.7857142857142857
positive,10,0,1.0
suggest,12,1,0.9230769230769231
affairs,12,0,1.0
sports,14,2,0.875
heavy,11,5,0.6875
refer,21,0,1.0
status,11,2,0.8461538461538461
independence,9,1,0.9
formal,16,0,1.0
authority,13,0,1.0
prospects,11,1,0.9166666666666666
comprised,10,0,1.0
concerns,9,2,0.8181818181818182
charges,12,2,0.8571428571428571
vote,15,0,1.0
mentioned,7,4,0.6363636363636364
moore,28,0,1.0
began,11,0,1.0
subscribe,23,5,0.8214285714285714
couldnt,3,8,0.2727272727272727
air,13,4,0.7647058823529411
increasing,8,2,0.8
appreciate,11,0,1.0
driving,13,2,0.8666666666666667
cars,7,3,0.7
conditions,10,0,1.0
ones,10,5,0.6666666666666666
broke,9,1,0.9
promote,12,0,1.0
base,13,2,0.8666666666666667
thus,12,3,0.8
content,24,3,0.8888888888888888
solely,12,1,0.9230769230769231
despite,8,4,0.6666666666666666
dealer,10,0,1.0
hands,13,1,0.9285714285714286
advised,19,0,1.0
selected,12,5,0.7058823529411765
watch,26,1,0.9629629629629629
fresh,12,3,0.8
garrigues,0,12,0.0
changed,15,3,0.8333333333333334
description,11,1,0.9166666666666666
25%,12,1,0.9230769230769231
se,41,0,1.0
unlike,11,4,0.7333333333333333
cents,21,2,0.9130434782608695
investor,12,3,0.8
posted,4,10,0.2857142857142857
shares,22,5,0.8148148148148148
jones,0,10,0.0
digital,29,8,0.7837837837837838
publishing,12,3,0.8
comments,25,8,0.7575757575757576
procmail,0,10,0.0
7btextdecoration,12,0,1.0
otc,13,0,1.0
environmental,17,0,1.0
investing,22,6,0.7857142857142857
winners,10,0,1.0
historically,10,0,1.0
acquire,13,0,1.0
distributors,10,0,1.0
team,18,5,0.782608695652174
industries,14,0,1.0
rapidly,10,2,0.8333333333333334
exceed,14,0,1.0
estimates,10,1,0.9090909090909091
indicate,12,0,1.0
steady,9,1,0.9
publish,12,0,1.0
sole,9,3,0.75
opinion,10,1,0.9090909090909091
recipients,9,2,0.8181818181818182
prohibited,10,0,1.0
portion,11,0,1.0
plans,17,3,0.85
irs,9,2,0.8181818181818182
summary,9,1,0.9
defined,8,2,0.8
stability,9,1,0.9
achieve,14,1,0.9333333333333333
inside,9,3,0.75
significant,18,1,0.9473684210526315
streams,11,0,1.0
stream,10,3,0.7692307692307693
view,23,1,0.9583333333333334
media,39,5,0.8863636363636364
tests,8,2,0.8
lock,11,2,0.8461538461538461
administration,18,1,0.9473684210526315
green,18,3,0.8571428571428571
head,13,0,1.0
ownership,11,0,1.0
comparison,9,2,0.8181818181818182
ltci,16,0,1.0
categories,13,1,0.9285714285714286
announcement,10,2,0.8333333333333334
articles,11,1,0.9166666666666666
publication,10,0,1.0
nation,31,2,0.9393939393939394
allows,15,6,0.7142857142857143
resource,12,3,0.8
refinancing,13,0,1.0
tue,1,12,0.07692307692307693
quite,8,15,0.34782608695652173
vs,1,10,0.09090909090909091
razor,0,14,0.0
proprietary,10,1,0.9090909090909091
razorusers,0,12,0.0
lowcost,10,0,1.0
havent,11,4,0.7333333333333333
recognized,13,0,1.0
carriers,10,0,1.0
eliminate,9,1,0.9
yr,13,0,1.0
625%,11,0,1.0
arm,10,1,0.9090909090909091
compete,17,0,1.0
cvs,0,11,0.0
procedure,0,11,0.0
advertisers,11,0,1.0
teen,10,0,1.0
farm,11,0,1.0
miami,11,0,1.0
joe,4,7,0.36363636363636365
na,17,0,1.0
contacted,10,0,1.0
option,11,6,0.6470588235294118
mark,10,3,0.7692307692307693
euro,26,0,1.0
classified,11,0,1.0
submission,9,2,0.8181818181818182
temple,63,0,1.0
tm,71,0,1.0
ragga,46,0,1.0
dagga,48,0,1.0
â3â,44,0,1.0
tablets,53,0,1.0
oz,59,1,0.9833333333333333
seventh,39,0,1.0
capillaris,43,0,1.0
botanical,56,0,1.0
herba,42,0,1.0
intro,40,0,1.0
sweet,41,0,1.0
equivalence,20,0,1.0
dragon,24,0,1.0
wing,23,2,0.92
gentle,27,0,1.0
ferocity,27,0,1.0
prosaka,25,0,1.0
vjestika,23,0,1.0
aphrodisia,25,0,1.0
spray,12,0,1.0
hei,12,0,1.0
jiggetbar,12,0,1.0
substance,12,0,1.0
herbal,18,0,1.0
drops,24,0,1.0
remedy,10,2,0.8333333333333334
bottle,21,1,0.9545454545454546
bottles,13,0,1.0
tablet,14,0,1.0
3pack,10,0,1.0
reg,20,0,1.0
choiceâ,10,0,1.0
viripotent,13,0,1.0
jar,10,0,1.0
herb,16,0,1.0
usage,22,0,1.0
appetite,11,0,1.0
sensitivity,14,0,1.0
kathmandu,21,0,1.0
indeed,11,1,0.9166666666666666
sophisticated,9,2,0.8181818181818182
inspires,10,0,1.0
pipe,13,1,0.9285714285714286
potent,15,0,1.0
exotic,12,0,1.0
nor,18,3,0.8571428571428571
balance,8,2,0.8
touch,8,2,0.8
utilized,21,0,1.0
ultimate,12,0,1.0
hookah,11,0,1.0
convenience,10,1,0.9090909090909091
priority,8,2,0.8
aqueous,16,0,1.0
regulation,2,9,0.18181818181818182
pregnancy,10,0,1.0
guys,10,1,0.9090909090909091
donât,12,0,1.0
kingdom,96,0,1.0
volume,10,2,0.8333333333333334
asian,12,0,1.0
maximum,12,0,1.0
sensitive,13,1,0.9285714285714286
freedombuilder,10,0,1.0
active,10,2,0.8333333333333334
searching,18,2,0.9
category,25,1,0.9615384615384616
thu,3,11,0.21428571428571427
id,11,23,0.3235294117647059
clearly,7,4,0.6363636363636364
deals,11,1,0.9166666666666666
alliance,10,0,1.0
stamps,13,0,1.0
actions,9,2,0.8181818181818182
kong,10,0,1.0
assume,8,2,0.8
places,9,2,0.8181818181818182
kid,7,3,0.7
cxin,17,0,1.0
peoples,11,4,0.7333333333333333
smart,24,2,0.9230769230769231
alert,9,1,0.9
december,15,0,1.0
su,14,0,1.0
former,12,4,0.75
launched,8,2,0.8
chinese,9,1,0.9
risks,12,0,1.0
telecom,11,3,0.7857142857142857
fool,1,16,0.058823529411764705
boot,1,10,0.09090909090909091
mall,11,1,0.9166666666666666
chief,17,4,0.8095238095238095
mobile,12,5,0.7058823529411765
perl,1,19,0.05
cancer,16,0,1.0
zimbabwe,14,5,0.7368421052631579
farmers,10,1,0.9090909090909091
minister,8,2,0.8
prefer,12,2,0.8571428571428571
higher,10,4,0.7142857142857143
article,17,5,0.7727272727272727
statement,17,1,0.9444444444444444
les,28,1,0.9655172413793104
du,11,1,0.9166666666666666
exposure,12,0,1.0
forex,10,0,1.0
kabila,16,0,1.0
congo,11,0,1.0
laurent,10,0,1.0
democratic,12,0,1.0
dial,14,0,1.0
seeking,10,1,0.9090909090909091
western,13,0,1.0
\,0,29,0.0
david,2,12,0.14285714285714285
table,8,3,0.7272727272727273
uk,14,3,0.8235294117647058
mouse,8,3,0.7272727272727273
club,14,1,0.9333333333333333
hiring,10,0,1.0
entry,10,0,1.0
multipartalternative;,10,0,1.0
releases,8,2,0.8
smaller,10,1,0.9090909090909091
outside,9,3,0.75
yellow,22,1,0.9565217391304348
ministry,20,0,1.0
officials,12,2,0.8571428571428571
solid;,10,0,1.0
craig,13,1,0.9285714285714286
motley,0,13,0.0
tom,0,10,0.0
flow,9,3,0.75
king,48,2,0.96
france,13,2,0.8666666666666667
professionally,13,0,1.0
convert,8,2,0.8
â¢,15,0,1.0
defense,11,1,0.9166666666666666
comment,8,4,0.6666666666666666
tour,12,0,1.0
establishment,10,0,1.0
declaration,14,0,1.0
fitness,10,0,1.0
grand,11,3,0.7857142857142857
da,37,0,1.0
mladih,20,0,1.0
predsednika,18,0,1.0
je,18,0,1.0
te,14,0,1.0
za,14,0,1.0
partije,14,0,1.0
socijalista,12,0,1.0
stranke,12,0,1.0
milosevica,12,0,1.0
ne,14,0,1.0
iz,12,0,1.0
slobodana,10,0,1.0
koji,10,0,1.0
od,10,0,1.0
sps,10,0,1.0
ce,12,0,1.0
dmm,24,0,1.0
donation,14,0,1.0
notes,13,0,1.0
samples,12,0,1.0
parts,9,2,0.8181818181818182
asking,9,2,0.8181818181818182
survey,12,1,0.9230769230769231
rss,2,8,0.2
3ctd,10,0,1.0
eat,8,2,0.8
aid,1,9,0.1
un,22,1,0.9565217391304348
availability,8,3,0.7272727272727273
trader,18,0,1.0
went,19,3,0.8636363636363636
acts,10,0,1.0
keywords,11,0,1.0
conference,9,3,0.75
pour,26,0,1.0
Å,22,0,1.0
savoir,11,0,1.0
est,17,0,1.0
coachâinvest,10,0,1.0
une,10,1,0.9090909090909091
sans,11,0,1.0
que,12,0,1.0
enenkio,123,0,1.0
islands,99,2,0.9801980198019802
atoll,70,0,1.0
marshall,60,0,1.0
hermios,54,0,1.0
Ã¢Â»,48,0,1.0
eneenkio,41,0,1.0
wake,38,0,1.0
island,36,4,0.9
marshallese,30,0,1.0
majesty,24,0,1.0
iroijlaplap,22,0,1.0
ratak,22,0,1.0
rmi,21,0,1.0
monarch,20,0,1.0
northern,20,2,0.9090909090909091
atolls,20,0,1.0
murjel,20,0,1.0
remios,19,0,1.0
jurisdiction,18,0,1.0
taongi,16,0,1.0
sovereign,16,0,1.0
fraudulent,14,0,1.0
correction,16,0,1.0
march,16,0,1.0
constitution,13,0,1.0
marshalls,13,0,1.0
paramount,12,1,0.9230769230769231
declared,11,0,1.0
native,12,0,1.0
hawaii,13,0,1.0
dom,10,0,1.0
melchizedek,10,0,1.0
recognition,10,0,1.0
occupation,12,0,1.0
peaceful,12,0,1.0
ignored,12,0,1.0
replies,9,1,0.9
february,9,1,0.9
background,15,1,0.9375
attack,7,3,0.7
suggestions,10,1,0.9090909090909091
dc,10,0,1.0
zealand,11,1,0.9166666666666666
insured,10,0,1.0
ireland,4,8,0.3333333333333333
happened,7,3,0.7
sequence,3,10,0.23076923076923078
chances,9,1,0.9
buycom,0,13,0.0
interface,8,4,0.6666666666666666
goals,10,0,1.0
renew,13,1,0.9285714285714286
topsitesus,11,0,1.0
permanent,10,0,1.0
sm,0,25,0.0
zodb,0,11,0.0
jersey,11,0,1.0
amateurs,16,0,1.0
amateur,14,0,1.0
bizop,15,0,1.0
the20,19,0,1.0
\tab,19,0,1.0
prudential,12,0,1.0
prulife,10,0,1.0
invoked,0,13,0.0
mm,15,0,1.0
shangrila,29,0,1.0
zowie,25,0,1.0
wowie,25,0,1.0
radix,10,0,1.0
root@canarsietmp,0,14,0.0
voters,0,11,0.0
sponsorship,27,0,1.0
veuve,14,0,1.0
clicquot,14,0,1.0
hams,0,10,0.0
spams,0,10,0.0
proxy,15,0,1.0
surf,10,0,1.0
auction,11,1,0.9166666666666666
sourceforgenet,0,10,0.0
pst,12,0,1.0
